-- EXAMPLE ROULETTE

INSERT INTO roulettes(id, name) VALUES(1, "Test Roulette");

INSERT INTO board_elements(id, roulette_id, sigil) VALUES(1, 1, "1");
INSERT INTO board_elements(id, roulette_id, sigil) VALUES(2, 1, "2");
INSERT INTO board_elements(id, roulette_id, sigil) VALUES(3, 1, "3");
INSERT INTO board_elements(id, roulette_id, sigil) VALUES(4, 1, "4");
INSERT INTO board_elements(id, roulette_id, sigil) VALUES(5, 1, "5");
INSERT INTO board_elements(id, roulette_id, sigil) VALUES(6, 1, "6");
INSERT INTO board_elements(id, roulette_id, sigil) VALUES(7, 1, "7");
INSERT INTO board_elements(id, roulette_id, sigil) VALUES(8, 1, "8");
INSERT INTO board_elements(id, roulette_id, sigil) VALUES(9, 1, "9");
INSERT INTO board_elements(id, roulette_id, sigil) VALUES(10, 1, "10");
INSERT INTO board_elements(id, roulette_id, sigil) VALUES(11, 1, "11");
INSERT INTO board_elements(id, roulette_id, sigil) VALUES(12, 1, "12");
INSERT INTO board_elements(id, roulette_id, sigil) VALUES(13, 1, "13");
INSERT INTO board_elements(id, roulette_id, sigil) VALUES(14, 1, "14");
INSERT INTO board_elements(id, roulette_id, sigil) VALUES(15, 1, "15");
INSERT INTO board_elements(id, roulette_id, sigil) VALUES(16, 1, "16");
INSERT INTO board_elements(id, roulette_id, sigil) VALUES(17, 1, "17");
INSERT INTO board_elements(id, roulette_id, sigil) VALUES(18, 1, "18");
INSERT INTO board_elements(id, roulette_id, sigil) VALUES(19, 1, "19");
INSERT INTO board_elements(id, roulette_id, sigil) VALUES(20, 1, "20");
INSERT INTO board_elements(id, roulette_id, sigil) VALUES(21, 1, "21");
INSERT INTO board_elements(id, roulette_id, sigil) VALUES(22, 1, "22");
INSERT INTO board_elements(id, roulette_id, sigil) VALUES(23, 1, "23");
INSERT INTO board_elements(id, roulette_id, sigil) VALUES(24, 1, "24");
INSERT INTO board_elements(id, roulette_id, sigil) VALUES(25, 1, "25");
INSERT INTO board_elements(id, roulette_id, sigil) VALUES(26, 1, "26");
INSERT INTO board_elements(id, roulette_id, sigil) VALUES(27, 1, "27");
INSERT INTO board_elements(id, roulette_id, sigil) VALUES(28, 1, "28");
INSERT INTO board_elements(id, roulette_id, sigil) VALUES(29, 1, "29");
INSERT INTO board_elements(id, roulette_id, sigil) VALUES(30, 1, "30");
INSERT INTO board_elements(id, roulette_id, sigil) VALUES(31, 1, "31");
INSERT INTO board_elements(id, roulette_id, sigil) VALUES(32, 1, "32");
INSERT INTO board_elements(id, roulette_id, sigil) VALUES(33, 1, "33");
INSERT INTO board_elements(id, roulette_id, sigil) VALUES(34, 1, "34");
INSERT INTO board_elements(id, roulette_id, sigil) VALUES(35, 1, "35");
INSERT INTO board_elements(id, roulette_id, sigil) VALUES(36, 1, "36");

INSERT INTO element_types(id, name, multiplier) VALUES(1, 'number', 25);
INSERT INTO element_types(id, name, multiplier) VALUES(2, 'even', 2);
INSERT INTO element_types(id, name, multiplier) VALUES(3, 'odd', 2);

INSERT INTO board_elements__element_types(board_element_id, element_type_id) VALUES(1, 1);
INSERT INTO board_elements__element_types(board_element_id, element_type_id) VALUES(2, 1);
INSERT INTO board_elements__element_types(board_element_id, element_type_id) VALUES(3, 1);
INSERT INTO board_elements__element_types(board_element_id, element_type_id) VALUES(4, 1);
INSERT INTO board_elements__element_types(board_element_id, element_type_id) VALUES(5, 1);
INSERT INTO board_elements__element_types(board_element_id, element_type_id) VALUES(6, 1);
INSERT INTO board_elements__element_types(board_element_id, element_type_id) VALUES(7, 1);
INSERT INTO board_elements__element_types(board_element_id, element_type_id) VALUES(8, 1);
INSERT INTO board_elements__element_types(board_element_id, element_type_id) VALUES(9, 1);
INSERT INTO board_elements__element_types(board_element_id, element_type_id) VALUES(10, 1);
INSERT INTO board_elements__element_types(board_element_id, element_type_id) VALUES(11, 1);
INSERT INTO board_elements__element_types(board_element_id, element_type_id) VALUES(12, 1);
INSERT INTO board_elements__element_types(board_element_id, element_type_id) VALUES(13, 1);
INSERT INTO board_elements__element_types(board_element_id, element_type_id) VALUES(14, 1);
INSERT INTO board_elements__element_types(board_element_id, element_type_id) VALUES(15, 1);
INSERT INTO board_elements__element_types(board_element_id, element_type_id) VALUES(16, 1);
INSERT INTO board_elements__element_types(board_element_id, element_type_id) VALUES(17, 1);
INSERT INTO board_elements__element_types(board_element_id, element_type_id) VALUES(18, 1);
INSERT INTO board_elements__element_types(board_element_id, element_type_id) VALUES(19, 1);
INSERT INTO board_elements__element_types(board_element_id, element_type_id) VALUES(20, 1);
INSERT INTO board_elements__element_types(board_element_id, element_type_id) VALUES(21, 1);
INSERT INTO board_elements__element_types(board_element_id, element_type_id) VALUES(22, 1);
INSERT INTO board_elements__element_types(board_element_id, element_type_id) VALUES(23, 1);
INSERT INTO board_elements__element_types(board_element_id, element_type_id) VALUES(24, 1);
INSERT INTO board_elements__element_types(board_element_id, element_type_id) VALUES(25, 1);
INSERT INTO board_elements__element_types(board_element_id, element_type_id) VALUES(26, 1);
INSERT INTO board_elements__element_types(board_element_id, element_type_id) VALUES(27, 1);
INSERT INTO board_elements__element_types(board_element_id, element_type_id) VALUES(28, 1);
INSERT INTO board_elements__element_types(board_element_id, element_type_id) VALUES(29, 1);
INSERT INTO board_elements__element_types(board_element_id, element_type_id) VALUES(30, 1);
INSERT INTO board_elements__element_types(board_element_id, element_type_id) VALUES(31, 1);
INSERT INTO board_elements__element_types(board_element_id, element_type_id) VALUES(32, 1);
INSERT INTO board_elements__element_types(board_element_id, element_type_id) VALUES(33, 1);
INSERT INTO board_elements__element_types(board_element_id, element_type_id) VALUES(34, 1);
INSERT INTO board_elements__element_types(board_element_id, element_type_id) VALUES(35, 1);
INSERT INTO board_elements__element_types(board_element_id, element_type_id) VALUES(36, 1);

INSERT INTO board_elements__element_types(board_element_id, element_type_id) VALUES(1, 3);
INSERT INTO board_elements__element_types(board_element_id, element_type_id) VALUES(2, 2);
INSERT INTO board_elements__element_types(board_element_id, element_type_id) VALUES(3, 3);
INSERT INTO board_elements__element_types(board_element_id, element_type_id) VALUES(4, 2);
INSERT INTO board_elements__element_types(board_element_id, element_type_id) VALUES(5, 3);
INSERT INTO board_elements__element_types(board_element_id, element_type_id) VALUES(6, 2);
INSERT INTO board_elements__element_types(board_element_id, element_type_id) VALUES(7, 3);
INSERT INTO board_elements__element_types(board_element_id, element_type_id) VALUES(8, 2);
INSERT INTO board_elements__element_types(board_element_id, element_type_id) VALUES(9, 3);
INSERT INTO board_elements__element_types(board_element_id, element_type_id) VALUES(10, 2);
INSERT INTO board_elements__element_types(board_element_id, element_type_id) VALUES(11, 3);
INSERT INTO board_elements__element_types(board_element_id, element_type_id) VALUES(12, 2);
INSERT INTO board_elements__element_types(board_element_id, element_type_id) VALUES(13, 3);
INSERT INTO board_elements__element_types(board_element_id, element_type_id) VALUES(14, 2);
INSERT INTO board_elements__element_types(board_element_id, element_type_id) VALUES(15, 3);
INSERT INTO board_elements__element_types(board_element_id, element_type_id) VALUES(16, 2);
INSERT INTO board_elements__element_types(board_element_id, element_type_id) VALUES(17, 3);
INSERT INTO board_elements__element_types(board_element_id, element_type_id) VALUES(18, 2);
INSERT INTO board_elements__element_types(board_element_id, element_type_id) VALUES(19, 3);
INSERT INTO board_elements__element_types(board_element_id, element_type_id) VALUES(20, 2);
INSERT INTO board_elements__element_types(board_element_id, element_type_id) VALUES(21, 3);
INSERT INTO board_elements__element_types(board_element_id, element_type_id) VALUES(22, 2);
INSERT INTO board_elements__element_types(board_element_id, element_type_id) VALUES(23, 3);
INSERT INTO board_elements__element_types(board_element_id, element_type_id) VALUES(24, 2);
INSERT INTO board_elements__element_types(board_element_id, element_type_id) VALUES(25, 3);
INSERT INTO board_elements__element_types(board_element_id, element_type_id) VALUES(26, 2);
INSERT INTO board_elements__element_types(board_element_id, element_type_id) VALUES(27, 3);
INSERT INTO board_elements__element_types(board_element_id, element_type_id) VALUES(28, 2);
INSERT INTO board_elements__element_types(board_element_id, element_type_id) VALUES(29, 3);
INSERT INTO board_elements__element_types(board_element_id, element_type_id) VALUES(30, 2);
INSERT INTO board_elements__element_types(board_element_id, element_type_id) VALUES(31, 3);
INSERT INTO board_elements__element_types(board_element_id, element_type_id) VALUES(32, 2);
INSERT INTO board_elements__element_types(board_element_id, element_type_id) VALUES(33, 3);
INSERT INTO board_elements__element_types(board_element_id, element_type_id) VALUES(34, 2);
INSERT INTO board_elements__element_types(board_element_id, element_type_id) VALUES(35, 3);
INSERT INTO board_elements__element_types(board_element_id, element_type_id) VALUES(36, 2);
